model,run,time,accuracy,f1_macro,auc,ap
gnn,1,13.705904006958008,0.7783,0.7755,0.8873,0.8879
better_gnn,1,33.539698362350464,0.8643,0.8636,0.9247,0.0
gnn,2,12.532764673233032,0.7738,0.7691,0.8547,0.8465
better_gnn,2,33.5858678817749,0.819,0.8176,0.8855,0.0
