model,run,time,accuracy,f1_macro,auc,ap
gnn,1,17.929338455200195,0.7602,0.7565,0.8753,0.8788
better_gnn,1,39.253294229507446,0.8778,0.8775,0.9481,0.0
gnn,2,12.65032434463501,0.7919,0.7885,0.8925,0.8779
better_gnn,2,37.53914427757263,0.8145,0.8134,0.8823,0.0
