,time,time,accuracy,accuracy,f1_macro,f1_macro,auc,auc,ap,ap
,mean,std,mean,std,mean,std,mean,std,mean,std
model,,,,,,,,,,
better_gnn,38.39621925354004,1.2120870549837017,0.84615,0.044759859249108434,0.84545,0.04532554467405769,0.9152,0.04652762620207488,0.0,0.0
gnn,15.289831399917603,3.7328266755601134,0.77605,0.0224152849636136,0.7725,0.02262741699796954,0.8838999999999999,0.012162236636408653,0.87835,0.000636396103067862
