model,run,time,accuracy,f1_macro,auc,ap
gnn,1,62.22724628448486,0.9587,0.958,0.9892,0.9907
better_gnn,1,522.331839799881,0.9428,0.9415,0.9856,0.0
gnn,2,60.30913829803467,0.953,0.9522,0.9807,0.9809
better_gnn,2,517.9265940189362,0.9496,0.9488,0.9845,0.0
