,time,time,accuracy,accuracy,f1_macro,f1_macro,auc,auc,ap,ap
,mean,std,mean,std,mean,std,mean,std,mean,std
model,,,,,,,,,,
better_gnn,520.1292169094086,3.1149791644995135,0.9461999999999999,0.004808326112068583,0.9451499999999999,0.005161879502661817,0.98505,0.0007778174593051558,0.0,0.0
gnn,61.268192291259766,1.3563071642670075,0.95585,0.004030508652763348,0.9551000000000001,0.004101219330881955,0.98495,0.00601040764008562,0.9858,0.006929646455628187
