,Node Count,Edge Count,Average Degree,Max Degree,Degree Std,Degree Centrality,Clustering Coefficient,Graph Density,Connected Components,Largest CC Size,Largest CC Ratio,Diameter,Avg Shortest Path
count,100.0,100.0,100.0,100.0,100.0,100.0,100.0,100.0,100.0,100.0,100.0,100.0,100.0
mean,31.105897365113577,47.7443109781338,2.4547884136119573,11.117872151103555,2.3398358888026487,0.1789186462135761,0.25293480474143765,0.018231750126984584,1.9875196106045951,26.63536938824507,0.8624877216990847,6.550880370884065,3.529670235573766
std,1.0079672922725014,2.4895435161705746,0.10836333770224459,1.0073294477958468,0.21380608988251534,0.09093027864551431,0.10605849529831762,0.10839122940524973,0.10836758219380162,1.5224631331251373,0.09800835316332471,0.5223595171680618,0.31480252154942645
min,29.805177851911786,44.8098580927108,2.1281979386300782,9.823808842228495,1.906760943099905,0.005797076151722785,-0.04268033365281951,-0.24636607715867315,1.6857157286010978,24.814057265693144,0.6265180395920673,5.750382041443976,2.957403060381959
25%,30.014980039775942,45.02164877147578,2.3803357429818033,10.034507810219152,2.1588835012416494,0.11364400167705208,0.1782033130547934,-0.05220022439852077,1.9029135664326187,24.967192544452075,0.7949193961965462,5.988847263786246,3.2413777804314687
50%,31.890606584501953,49.82023026930455,2.4560129709056437,11.868829580056836,2.381794395329371,0.1756652215904158,0.2528898925433096,0.012914160703893143,2.0157735271788515,27.865428927549296,0.8634050395182821,6.885406637779367,3.6597032937435436
75%,32.01743040471576,49.98173645477047,2.5119141103762,12.039182310502946,2.5080862628381135,0.2538233596387694,0.32727058017413724,0.0940319310963705,2.0555679268467033,28.018964637864244,0.9237510713899372,7.020804074029421,3.8305487646471064
max,32.245735300145796,50.37674908998331,2.7261166178032803,12.254877475847781,2.7633304923906543,0.3854014430161251,0.5452344003357141,0.3076587747636891,2.236857433109125,28.366930616570055,1.0856023301080586,7.236346998926655,3.9442059619473704
