,Node Count,Edge Count,Average Degree,Max Degree,Degree Std,Degree Centrality,Clustering Coefficient,Graph Density,Connected Components,Largest CC Size,Largest CC Ratio,Diameter,Avg Shortest Path
count,100.0,100.0,100.0,100.0,100.0,100.0,100.0,100.0,100.0,100.0,100.0,100.0,100.0
mean,32.81096215255818,53.389702865598174,2.3243590099933655,12.815310857028155,2.7263878726351916,0.2021906136447906,0.26703653307300745,0.03826455941393309,1.4339107763356094,29.479660486811998,0.9175507071422082,7.128296417757786,3.9303231822283653
std,2.5060597564207168,7.476811030886797,0.17487702018313384,2.484963440765689,0.54897697677118,0.10996647747822326,0.10259451073408547,0.10042109689174994,0.4982100392851336,4.000730413989266,0.10856446157976697,1.009662637756411,0.6773177889464449
min,29.80124310853991,44.75761206733711,1.950059428512643,9.853648505186788,1.919511789933548,-0.021016839265662585,-0.015339011360371468,-0.26985426206300756,0.710374462180631,24.823695984463725,0.6028355499872711,5.839251676543877,2.9932557899960126
25%,30.010281148019804,45.01669574873789,2.1873204634991907,10.04532995647856,2.136049354421838,0.11200204076800326,0.19816515561679354,-0.029925916030222426,0.9923110941524519,24.991234339173936,0.8393251529737433,6.0093379159329885,3.2028499154485126
50%,34.89535026286279,59.86839652803146,2.2882404540362566,14.871963312441641,3.0804605952652335,0.20256521238082803,0.2752610448178838,0.04227939462231934,1.1317771353359487,32.864890481048164,0.9125423270107704,7.907997604144471,4.392475911370433
75%,35.038398808398725,60.01287839845433,2.4828333920840233,15.01045631995736,3.203762862197498,0.29218206485062087,0.3343666128757776,0.10203939487948356,1.9672794645821474,32.993832252342585,0.9908433003182561,8.04114024760643,4.524767302844799
max,35.26323820648374,60.23193295399817,2.729889812361925,15.249299951743279,3.4122156197012634,0.4144967713501284,0.5210523001591352,0.2810084538268795,2.252693242587362,33.30788808084552,1.2079709337654319,8.216325472330546,4.714394408932533
