model,run,time,accuracy,f1_macro,auc,ap
gnn,1,2.4734363555908203,0.0,0.0,0.0,0.0
better_gnn,1,2.545694351196289,0.0,0.0,0.0,0.0
gnn,2,2.4551093578338623,0.0,0.0,0.0,0.0
better_gnn,2,2.5196638107299805,0.0,0.0,0.0,0.0
