model,run,time,accuracy,f1_macro,auc,ap
gnn,1,10.650007724761963,0.7647,0.764,0.8745,0.881
better_gnn,1,25.24670672416687,0.8597,0.8581,0.9432,0.0
gnn,2,10.66389513015747,0.7602,0.7578,0.886,0.874
better_gnn,2,24.51956272125244,0.7964,0.7939,0.886,0.0
gnn,3,9.595893383026123,0.8054,0.8042,0.8641,0.8331
better_gnn,3,26.741108179092407,0.8371,0.8345,0.9084,0.0
