,time,time,accuracy,accuracy,f1_macro,f1_macro,auc,auc,ap,ap
,mean,std,mean,std,mean,std,mean,std,mean,std
model,,,,,,,,,,
better_gnn,25.502459208170574,1.132639861172956,0.8310666666666666,0.03207839355911284,0.8288333333333333,0.03247296311292415,0.9125333333333333,0.02882313885289623,0.0,0.0
gnn,10.30326541264852,0.6126414989422736,0.7767666666666667,0.024899062900706356,0.7753333333333333,0.02519073903904636,0.8748666666666667,0.010954603294201651,0.8626999999999999,0.0258721858373041
